<annotation>
	<folder>layar-retak-part1</folder>
	<filename>Datacluster Labs Phone Dataset (74).jpg</filename>
	<path>/layar-retak-part1/Datacluster Labs Phone Dataset (74).jpg</path>
	<source>
		<database>Unspecified</database>
	</source>
	<size>
		<width>2600</width>
		<height>4624</height>
		<depth>3</depth>
	</size>
	<object>
		<name>Layar Retak</name>
		<pose>Unspecified</pose>
		<truncated>Unspecified</truncated>
		<difficult>Unspecified</difficult>
		<bndbox>
			<xmin>629</xmin>
			<ymin>826</ymin>
			<xmax>2138</xmax>
			<ymax>3683</ymax>
		</bndbox>
	</object>
</annotation>