<annotation>
	<folder>layar-retak-part1</folder>
	<filename>Datacluster Labs Phone Dataset (13).jpg</filename>
	<path>/layar-retak-part1/Datacluster Labs Phone Dataset (13).jpg</path>
	<source>
		<database>Unspecified</database>
	</source>
	<size>
		<width>2592</width>
		<height>3456</height>
		<depth>3</depth>
	</size>
	<object>
		<name>Layar Retak</name>
		<pose>Unspecified</pose>
		<truncated>Unspecified</truncated>
		<difficult>Unspecified</difficult>
		<bndbox>
			<xmin>370</xmin>
			<ymin>1188</ymin>
			<xmax>1901</xmax>
			<ymax>2285</ymax>
		</bndbox>
	</object>
</annotation>