<annotation>
	<folder>layar-retak-part1</folder>
	<filename>Datacluster Labs Phone Dataset (48).jpg</filename>
	<path>/layar-retak-part1/Datacluster Labs Phone Dataset (48).jpg</path>
	<source>
		<database>Unspecified</database>
	</source>
	<size>
		<width>3120</width>
		<height>4160</height>
		<depth>3</depth>
	</size>
	<object>
		<name>Layar Retak</name>
		<pose>Unspecified</pose>
		<truncated>Unspecified</truncated>
		<difficult>Unspecified</difficult>
		<bndbox>
			<xmin>512</xmin>
			<ymin>155</ymin>
			<xmax>2437</xmax>
			<ymax>3835</ymax>
		</bndbox>
	</object>
</annotation>