<annotation>
	<folder>layar-retak-part1</folder>
	<filename>Datacluster Labs Phone Dataset (12).jpg</filename>
	<path>/layar-retak-part1/Datacluster Labs Phone Dataset (12).jpg</path>
	<source>
		<database>Unspecified</database>
	</source>
	<size>
		<width>1944</width>
		<height>2592</height>
		<depth>3</depth>
	</size>
	<object>
		<name>Layar Retak</name>
		<pose>Unspecified</pose>
		<truncated>Unspecified</truncated>
		<difficult>Unspecified</difficult>
		<bndbox>
			<xmin>406</xmin>
			<ymin>232</ymin>
			<xmax>1519</xmax>
			<ymax>2306</ymax>
		</bndbox>
	</object>
</annotation>