<annotation>
	<folder>layar-retak-part1</folder>
	<filename>Datacluster Labs Phone Dataset (17).jpg</filename>
	<path>/layar-retak-part1/Datacluster Labs Phone Dataset (17).jpg</path>
	<source>
		<database>Unspecified</database>
	</source>
	<size>
		<width>3000</width>
		<height>4000</height>
		<depth>3</depth>
	</size>
	<object>
		<name>Layar Retak</name>
		<pose>Unspecified</pose>
		<truncated>Unspecified</truncated>
		<difficult>Unspecified</difficult>
		<bndbox>
			<xmin>686</xmin>
			<ymin>834</ymin>
			<xmax>2115</xmax>
			<ymax>3568</ymax>
		</bndbox>
	</object>
</annotation>