<annotation>
	<folder>layar-retak-part1</folder>
	<filename>Datacluster Labs Phone Dataset (96).jpg</filename>
	<path>/layar-retak-part1/Datacluster Labs Phone Dataset (96).jpg</path>
	<source>
		<database>Unspecified</database>
	</source>
	<size>
		<width>3008</width>
		<height>4016</height>
		<depth>3</depth>
	</size>
	<object>
		<name>Layar Retak</name>
		<pose>Unspecified</pose>
		<truncated>Unspecified</truncated>
		<difficult>Unspecified</difficult>
		<bndbox>
			<xmin>1160</xmin>
			<ymin>633</ymin>
			<xmax>2655</xmax>
			<ymax>3757</ymax>
		</bndbox>
	</object>
</annotation>