<annotation>
	<folder>layar-retak-part1</folder>
	<filename>Datacluster Labs Phone Dataset (34).jpg</filename>
	<path>/layar-retak-part1/Datacluster Labs Phone Dataset (34).jpg</path>
	<source>
		<database>Unspecified</database>
	</source>
	<size>
		<width>3024</width>
		<height>4032</height>
		<depth>3</depth>
	</size>
	<object>
		<name>Layar Retak</name>
		<pose>Unspecified</pose>
		<truncated>Unspecified</truncated>
		<difficult>Unspecified</difficult>
		<bndbox>
			<xmin>862</xmin>
			<ymin>1186</ymin>
			<xmax>2528</xmax>
			<ymax>3437</ymax>
		</bndbox>
	</object>
</annotation>