<annotation>
	<folder>layar-retak-part1</folder>
	<filename>Datacluster Labs Phone Dataset (5).jpg</filename>
	<path>/layar-retak-part1/Datacluster Labs Phone Dataset (5).jpg</path>
	<source>
		<database>Unspecified</database>
	</source>
	<size>
		<width>1920</width>
		<height>2560</height>
		<depth>3</depth>
	</size>
	<object>
		<name>Layar Retak</name>
		<pose>Unspecified</pose>
		<truncated>Unspecified</truncated>
		<difficult>Unspecified</difficult>
		<bndbox>
			<xmin>220</xmin>
			<ymin>346</ymin>
			<xmax>1471</xmax>
			<ymax>2560</ymax>
		</bndbox>
	</object>
</annotation>