<annotation>
	<folder>layar-retak-part1</folder>
	<filename>Datacluster Labs Phone Dataset (51).jpg</filename>
	<path>/layar-retak-part1/Datacluster Labs Phone Dataset (51).jpg</path>
	<source>
		<database>Unspecified</database>
	</source>
	<size>
		<width>3168</width>
		<height>4224</height>
		<depth>3</depth>
	</size>
	<object>
		<name>Layar Retak</name>
		<pose>Unspecified</pose>
		<truncated>Unspecified</truncated>
		<difficult>Unspecified</difficult>
		<bndbox>
			<xmin>646</xmin>
			<ymin>472</ymin>
			<xmax>2433</xmax>
			<ymax>3883</ymax>
		</bndbox>
	</object>
</annotation>