<annotation>
	<folder>layar-retak-part1</folder>
	<filename>Datacluster Labs Phone Dataset (46).jpg</filename>
	<path>/layar-retak-part1/Datacluster Labs Phone Dataset (46).jpg</path>
	<source>
		<database>Unspecified</database>
	</source>
	<size>
		<width>1932</width>
		<height>2576</height>
		<depth>3</depth>
	</size>
	<object>
		<name>Layar Retak</name>
		<pose>Unspecified</pose>
		<truncated>Unspecified</truncated>
		<difficult>Unspecified</difficult>
		<bndbox>
			<xmin>413</xmin>
			<ymin>29</ymin>
			<xmax>1650</xmax>
			<ymax>1799</ymax>
		</bndbox>
	</object>
</annotation>