<annotation>
	<folder>layar-retak-part1</folder>
	<filename>Datacluster Labs Phone Dataset (56).jpg</filename>
	<path>/layar-retak-part1/Datacluster Labs Phone Dataset (56).jpg</path>
	<source>
		<database>Unspecified</database>
	</source>
	<size>
		<width>3456</width>
		<height>4608</height>
		<depth>3</depth>
	</size>
	<object>
		<name>Layar Retak</name>
		<pose>Unspecified</pose>
		<truncated>Unspecified</truncated>
		<difficult>Unspecified</difficult>
		<bndbox>
			<xmin>687</xmin>
			<ymin>1161</ymin>
			<xmax>2225</xmax>
			<ymax>4173</ymax>
		</bndbox>
	</object>
</annotation>