<annotation>
	<folder>layar-retak-part1</folder>
	<filename>Datacluster Labs Phone Dataset (15).jpg</filename>
	<path>/layar-retak-part1/Datacluster Labs Phone Dataset (15).jpg</path>
	<source>
		<database>Unspecified</database>
	</source>
	<size>
		<width>2448</width>
		<height>3264</height>
		<depth>3</depth>
	</size>
	<object>
		<name>Layar Retak</name>
		<pose>Unspecified</pose>
		<truncated>Unspecified</truncated>
		<difficult>Unspecified</difficult>
		<bndbox>
			<xmin>774</xmin>
			<ymin>348</ymin>
			<xmax>1678</xmax>
			<ymax>2248</ymax>
		</bndbox>
	</object>
</annotation>