<annotation>
	<folder>layar-retak-part1</folder>
	<filename>Datacluster Labs Phone Dataset (65).jpg</filename>
	<path>/layar-retak-part1/Datacluster Labs Phone Dataset (65).jpg</path>
	<source>
		<database>Unspecified</database>
	</source>
	<size>
		<width>4160</width>
		<height>3120</height>
		<depth>3</depth>
	</size>
	<object>
		<name>Layar Retak</name>
		<pose>Unspecified</pose>
		<truncated>Unspecified</truncated>
		<difficult>Unspecified</difficult>
		<bndbox>
			<xmin>44</xmin>
			<ymin>395</ymin>
			<xmax>3938</xmax>
			<ymax>2249</ymax>
		</bndbox>
	</object>
</annotation>