<annotation>
	<folder>layar-retak-part1</folder>
	<filename>Datacluster Labs Phone Dataset (49).jpg</filename>
	<path>/layar-retak-part1/Datacluster Labs Phone Dataset (49).jpg</path>
	<source>
		<database>Unspecified</database>
	</source>
	<size>
		<width>3096</width>
		<height>4128</height>
		<depth>3</depth>
	</size>
	<object>
		<name>Layar Retak</name>
		<pose>Unspecified</pose>
		<truncated>Unspecified</truncated>
		<difficult>Unspecified</difficult>
		<bndbox>
			<xmin>396</xmin>
			<ymin>794</ymin>
			<xmax>1753</xmax>
			<ymax>3262</ymax>
		</bndbox>
	</object>
</annotation>