<annotation>
	<folder>layar-retak-part1</folder>
	<filename>Datacluster Labs Phone Dataset (100).jpg</filename>
	<path>/layar-retak-part1/Datacluster Labs Phone Dataset (100).jpg</path>
	<source>
		<database>Unspecified</database>
	</source>
	<size>
		<width>3472</width>
		<height>4624</height>
		<depth>3</depth>
	</size>
	<object>
		<name>Layar Retak</name>
		<pose>Unspecified</pose>
		<truncated>Unspecified</truncated>
		<difficult>Unspecified</difficult>
		<bndbox>
			<xmin>3</xmin>
			<ymin>1274</ymin>
			<xmax>3411</xmax>
			<ymax>4188</ymax>
		</bndbox>
	</object>
</annotation>