<annotation>
	<folder>layar-retak-part1</folder>
	<filename>Datacluster Labs Phone Dataset (85).jpg</filename>
	<path>/layar-retak-part1/Datacluster Labs Phone Dataset (85).jpg</path>
	<source>
		<database>Unspecified</database>
	</source>
	<size>
		<width>3072</width>
		<height>4096</height>
		<depth>3</depth>
	</size>
	<object>
		<name>Layar Retak</name>
		<pose>Unspecified</pose>
		<truncated>Unspecified</truncated>
		<difficult>Unspecified</difficult>
		<bndbox>
			<xmin>504</xmin>
			<ymin>25</ymin>
			<xmax>2258</xmax>
			<ymax>3344</ymax>
		</bndbox>
	</object>
</annotation>